n,mean_ratio,median_ratio,std_ratio,min_ratio,max_ratio,p25_ratio,p75_ratio,n_below_0_5,n_above_1_0
47,0.7908850045955554,0.30471987117287175,1.940112578162968,0.02377148102390543,11.353966234068036,0.06529447632382665,0.7401664841031894,27,5
