n_zctas,mean_mbps,median_mbps,std_mbps,q25_mbps,q75_mbps,iqr_mbps,min_mbps,max_mbps
48,64.04541311753808,66.35022828410658,27.49397242424079,47.636198651658106,79.8467615909786,32.210562939320496,3.0471987117287176,132.255589461665
